keyword,date,value,geo
거제야호,2026-07-15,10,KR
거제야호,2026-07-16,11,KR
거제야호,2026-07-17,12,KR
거제야호,2026-07-18,13,KR
거제야호,2026-07-19,14,KR
거제야호,2026-07-20,15,KR
거제야호,2026-07-21,16,KR
거제야호,2026-07-22,30,KR
거제야호,2026-07-23,35,KR
거제야호,2026-07-24,40,KR
거제야호,2026-07-25,45,KR
거제야호,2026-07-26,50,KR
거제야호,2026-07-27,55,KR
거제야호,2026-07-28,60,KR
두바이초콜릿챌린지,2026-07-15,5,KR
두바이초콜릿챌린지,2026-07-16,5,KR
두바이초콜릿챌린지,2026-07-17,5,KR
두바이초콜릿챌린지,2026-07-18,5,KR
두바이초콜릿챌린지,2026-07-19,5,KR
두바이초콜릿챌린지,2026-07-20,5,KR
두바이초콜릿챌린지,2026-07-21,5,KR
두바이초콜릿챌린지,2026-07-22,5,KR
두바이초콜릿챌린지,2026-07-23,5,KR
두바이초콜릿챌린지,2026-07-24,5,KR
두바이초콜릿챌린지,2026-07-25,100,KR
두바이초콜릿챌린지,2026-07-26,5,KR
두바이초콜릿챌린지,2026-07-27,5,KR
두바이초콜릿챌린지,2026-07-28,5,KR
제주도여행,2026-07-15,48,KR
제주도여행,2026-07-16,50,KR
제주도여행,2026-07-17,49,KR
제주도여행,2026-07-18,51,KR
제주도여행,2026-07-19,50,KR
제주도여행,2026-07-20,49,KR
제주도여행,2026-07-21,50,KR
제주도여행,2026-07-22,50,KR
제주도여행,2026-07-23,51,KR
제주도여행,2026-07-24,49,KR
제주도여행,2026-07-25,50,KR
제주도여행,2026-07-26,50,KR
제주도여행,2026-07-27,51,KR
제주도여행,2026-07-28,49,KR
폭싹속았수다촬영지,2026-07-15,8,KR
폭싹속았수다촬영지,2026-07-16,9,KR
폭싹속았수다촬영지,2026-07-17,10,KR
폭싹속았수다촬영지,2026-07-18,11,KR
폭싹속았수다촬영지,2026-07-19,12,KR
폭싹속았수다촬영지,2026-07-20,13,KR
폭싹속았수다촬영지,2026-07-21,14,KR
폭싹속았수다촬영지,2026-07-22,25,KR
폭싹속았수다촬영지,2026-07-23,30,KR
폭싹속았수다촬영지,2026-07-24,35,KR
폭싹속았수다촬영지,2026-07-25,40,KR
폭싹속았수다촬영지,2026-07-26,45,KR
폭싹속았수다촬영지,2026-07-27,50,KR
폭싹속았수다촬영지,2026-07-28,55,KR
